,predictions,targets
203_1$1,0.8571386469548442,-0.5614999999999952
159_1$1,0.5408553214693963,4.126900000000006
PARTICIPANT13$2,-2.3552110003091493,-7.102800000000002
225_1$1,-0.7776026518388279,-9.765900000000002
PARTICIPANT15$2,-0.2478775422144342,0.38460000000000605
345_2$1,-2.2939742935603635,12.827699999999993
PARTICIPANT14$1,1.4284618294199452,12.815799999999996
355_1$1,1.7084234588804983,15.7744
PARTICIPANT08$5,4.4498840907054555,13.3018
355_2$1,1.2789008899082908,15.7744
